{"0.123456456":{"user_id":1},"0.26132749630910146":{"user_id":3},"0.3784000846438711":{"user_id":3},"0.5704788147077478":{"user_id":3},"0.38862249538570115":{"user_id":3},"0.2966532302429765":{"user_id":3},"0.00442256174753064":{"user_id":3},"0.7051447521356804":{"user_id":3},"0.982518508895851":{"user_id":3},"0.21579690686854636":{"user_id":3}}